source,fmp_id,name,inventory,sold_size,fmp_price,catalog_slug,catalog_name,catalog_price,status,decision,reason
established_pure_powder_sku,873,Bitter Melon Tea Powder (Momordica charantia),,100 g,40,bitter-melon-tea-powder-momordica-charantia,Bitter Melon Tea Powder (Momordica charantia),4000,live_catalog_record,publish_or_reconcile,established active Pure Powder product
established_pure_powder_sku,458,Bone Broth powder,,100 g,$40,bone-broth-powder,Bone Broth powder,4000,live_catalog_record,publish_or_reconcile,established active Pure Powder product
established_pure_powder_sku,106,Chlorella Powder,,120 g,40,chlorella-powder,Chlorella Powder,3997,live_catalog_record,publish_or_reconcile,established active Pure Powder product
established_pure_powder_sku,511,Cilantro Juice Powder,,100 g,$40,cilantro-juice-powder,Cilantro Juice Powder,3997,live_catalog_record,publish_or_reconcile,established active Pure Powder product
established_pure_powder_sku,874,Hydrolyzed Collagen Powder,,100 g,40,hydrolyzed-collagen-powder,Hydrolyzed Collagen Powder,4000,live_catalog_record,publish_or_reconcile,established active Pure Powder product
established_pure_powder_sku,459,"Hydrolyzed Collagen Powder - Grass Fed, Type I & III",,100 g,$40,hydrolyzed-collagen-powder-grass-fed-type-i-iii,"Hydrolyzed Collagen Powder - Grass Fed, Type I & III",4000,live_catalog_record,publish_or_reconcile,established active Pure Powder product
established_pure_powder_sku,523,Hydrolyzed Pea Protein Powder,,120 g,$40,hydrolyzed-pea-protein-powder,Hydrolyzed Pea Protein Powder,4000,live_catalog_record,publish_or_reconcile,established active Pure Powder product
established_pure_powder_sku,583,Hydrolyzed Whey Protein Powder,,100 g,$40,hydrolyzed-whey-protein-powder,Hydrolyzed Whey Protein Powder,4000,live_catalog_record,publish_or_reconcile,established active Pure Powder product
established_pure_powder_sku,90,MSM Powder,,200 g,$40,msm-powder,MSM Powder,3997,live_catalog_record,publish_or_reconcile,established active Pure Powder product
established_pure_powder_sku,1113,Magnesium Glycinate,,200 g,40,magnesium-glycinate,Magnesium Glycinate,4000,live_catalog_record,publish_or_reconcile,established active Pure Powder product
established_pure_powder_sku,447,Pea Protein Aminos - Pure & Predigested,,120 g,$40,pea-protein-aminos-pure-predigested,Pea Protein Aminos - Pure & Predigested,4000,live_catalog_record,publish_or_reconcile,established active Pure Powder product
established_pure_powder_sku,547,"Quercetin Dihydrate Powder
60 grams",,60 g,$40,quercetin-dihydrate-powder-60-grams,Quercetin Dihydrate Powder 60 grams,4000,live_catalog_record,publish_or_reconcile,established active Pure Powder product
established_pure_powder_sku,471,SeaAmino Powder,,80 g,$40,seaamino-powder,SeaAmino Powder,4000,live_catalog_record,publish_or_reconcile,established active Pure Powder product
established_pure_powder_sku,1168,Sumac Bran 50:1,,100 g,40,sumac-bran-501-pure-powder,Sumac Bran 50:1 Pure Powder,3997,live_catalog_record,publish_or_reconcile,established active Pure Powder product
raw_ingredient_inventory,3248,Vitamin B3: Inositol Hexanicotinate,1209.6,,,,,,raw_material_review,manual_review,"needs serving size, packaging, price, and safety approval"
raw_ingredient_inventory,3249,7-Keto DHEA 99% (3-acetyl-7-oxo-dehydroepiandrosterone),140.4,,,,,,raw_material_review,exclude,restricted/high-risk raw material
raw_ingredient_inventory,3253,Star Grass (Hypoxis hemerocallidea),366,,,,,,raw_material_review,manual_review,"needs serving size, packaging, price, and safety approval"
raw_ingredient_inventory,3254,Star Grass 10:1 (Hypoxis aurea),1000,,,,,,raw_material_review,manual_review,"needs serving size, packaging, price, and safety approval"
raw_ingredient_inventory,3258,Aloe Acemannan Polysaccharides 98% (Aloe spp.),416.8,,,,,,raw_material_review,manual_review,"needs serving size, packaging, price, and safety approval"
raw_ingredient_inventory,3259,Cynarin 10% (Cynaria scolymus),1120,,,,,,raw_material_review,manual_review,"needs serving size, packaging, price, and safety approval"
raw_ingredient_inventory,3262,Withanolides 20% (Withania somnifera),522,,,,,,raw_material_review,manual_review,"needs serving size, packaging, price, and safety approval"
raw_ingredient_inventory,3269,Barley (Hordeum vulgare) (Grass Juice Powder),70,,,,,,raw_material_review,manual_review,"needs serving size, packaging, price, and safety approval"
raw_ingredient_inventory,3270,Hordenine 98% (Beta vulgaris),1166,,,,,,raw_material_review,manual_review,"needs serving size, packaging, price, and safety approval"
raw_ingredient_inventory,3272,Flavonoids 70% (Propolis),1314,,,,,,raw_material_review,manual_review,"needs serving size, packaging, price, and safety approval"
raw_ingredient_inventory,3273,Beet (Beta vulgaris) (succus),822,,,,,,raw_material_review,manual_review,"needs serving size, packaging, price, and safety approval"
raw_ingredient_inventory,3276,Na RALA (Stabilized Bio-enhanced Na R-Lipoate),3052.8,,,,,,raw_material_review,manual_review,"needs serving size, packaging, price, and safety approval"
raw_ingredient_inventory,3277,Charantin & Momordicin 10% (Momordica charantia),914,,,,,,raw_material_review,manual_review,"needs serving size, packaging, price, and safety approval"
raw_ingredient_inventory,3282,Black Currant Anthocyanin 25% (Ribes nigrum),1604,,,,,,raw_material_review,manual_review,"needs serving size, packaging, price, and safety approval"
raw_ingredient_inventory,3286,Bilberry Anthocyanin 25% (Vaccinium myrtillus),1778,,,,,,raw_material_review,manual_review,"needs serving size, packaging, price, and safety approval"
raw_ingredient_inventory,3292,Camu Camu (Myrciaria dubia),30,,,,,,raw_material_review,manual_review,"needs serving size, packaging, price, and safety approval"
raw_ingredient_inventory,3293,Oxindole Alkaloids 5% (Uncaria tomentosa),562.4,,,,,,raw_material_review,manual_review,"needs serving size, packaging, price, and safety approval"
raw_ingredient_inventory,3294,Cha de Bugre (Cordia salicifolia) (folia),454,,,,,,raw_material_review,manual_review,"needs serving size, packaging, price, and safety approval"
raw_ingredient_inventory,3298,Chlorella (Chlorella spp.) (broken cell wall),744,,,,,,raw_material_review,manual_review,"needs serving size, packaging, price, and safety approval"
raw_ingredient_inventory,3302,Coenzyme Q10 (CoQ10) 98% (Ubiquinone),814,,,,,,raw_material_review,manual_review,"needs serving size, packaging, price, and safety approval"
raw_ingredient_inventory,3311,Curry Leaf (Murray koenigii),454,,,,,,raw_material_review,manual_review,"needs serving size, packaging, price, and safety approval"
raw_ingredient_inventory,3317,"DIM 98% (3,4 Diindolylmethane) (Brassica oleracea)",869.2,,,,,,raw_material_review,manual_review,"needs serving size, packaging, price, and safety approval"
raw_ingredient_inventory,3323,EDTA Calcium Disodium ORAL CHELATION(Ethylenediaminetetraacetic acid),514,,,,,,raw_material_review,exclude,restricted/high-risk raw material
raw_ingredient_inventory,3325,Erythritol,454,,,,,,raw_material_review,manual_review,"needs serving size, packaging, price, and safety approval"
raw_ingredient_inventory,3332,HCA 60% (Hydroxycitric Acid) (Garcinia cambogia),164,,,,,,raw_material_review,manual_review,"needs serving size, packaging, price, and safety approval"
raw_ingredient_inventory,3335,Goat Whey protein (Capra aegagrus hircus),3638,,,,,,raw_material_review,manual_review,"needs serving size, packaging, price, and safety approval"
raw_ingredient_inventory,3338,Grape OPCs 95% (Procyanidolic oligomers) (Vitis vinifera),1352,,,,,,raw_material_review,manual_review,"needs serving size, packaging, price, and safety approval"
raw_ingredient_inventory,3339,Grapefruit seed extract (GSE) (Citrus paradisi),540,,,,,,raw_material_review,manual_review,"needs serving size, packaging, price, and safety approval"
raw_ingredient_inventory,3349,Aescin 20% (Aesculus hippocastanum),964,,,,,,raw_material_review,manual_review,"needs serving size, packaging, price, and safety approval"
raw_ingredient_inventory,3350,Hyaluronic Acid (Vegan),26.4,,,,,,raw_material_review,manual_review,"needs serving size, packaging, price, and safety approval"
raw_ingredient_inventory,3351,Hyaluronic Acid; high molecular weight,82,,,,,,raw_material_review,manual_review,"needs serving size, packaging, price, and safety approval"
raw_ingredient_inventory,3353,Hydrolyzed Collagen 90% (Bos taurus),342,,,,,,raw_material_review,manual_review,"needs serving size, packaging, price, and safety approval"
raw_ingredient_inventory,3362,Egg Fruit (Pouteria lucuma),454,,,,,,raw_material_review,manual_review,"needs serving size, packaging, price, and safety approval"
raw_ingredient_inventory,3365,L-Lysine,782,,,,,,raw_material_review,manual_review,"needs serving size, packaging, price, and safety approval"
raw_ingredient_inventory,3372,Magnolol & Honokiol 98% (Magnolia grandiflora),940,,,,,,raw_material_review,manual_review,"needs serving size, packaging, price, and safety approval"
raw_ingredient_inventory,3375,Mesquite (Prosopis alba),454,,,,,,raw_material_review,manual_review,"needs serving size, packaging, price, and safety approval"
raw_ingredient_inventory,3380,Muira puama (Ptychopetalum olacoides) (radix),454,,,,,,raw_material_review,manual_review,"needs serving size, packaging, price, and safety approval"
raw_ingredient_inventory,3387,Nopal Cactus (Opuntia ficus),882,,,,,,raw_material_review,manual_review,"needs serving size, packaging, price, and safety approval"
raw_ingredient_inventory,3395,Pomegranate (Punica granatum) (succus),454,,,,,,raw_material_review,manual_review,"needs serving size, packaging, price, and safety approval"
raw_ingredient_inventory,3398,Potassium Bicarbonate,4004,,,,,,raw_material_review,manual_review,"needs serving size, packaging, price, and safety approval"
raw_ingredient_inventory,3399,Potassium Orotate (20% K),990,,,,,,raw_material_review,manual_review,"needs serving size, packaging, price, and safety approval"
raw_ingredient_inventory,3402,Purple Aronia (Aronia prunifolia),454,,,,,,raw_material_review,manual_review,"needs serving size, packaging, price, and safety approval"
raw_ingredient_inventory,3406,*Reishi Spore Broken Cell Wall (Ganoderma lucidum),246,,,,,,raw_material_review,manual_review,"needs serving size, packaging, price, and safety approval"
raw_ingredient_inventory,3415,Sea Buckthorn (Hippophae rhamnoides) (fructus),454,,,,,,raw_material_review,manual_review,"needs serving size, packaging, price, and safety approval"
raw_ingredient_inventory,3422,Strawberry (Fragaria x ananassa) (fructus) organic,454,,,,,,raw_material_review,manual_review,"needs serving size, packaging, price, and safety approval"
raw_ingredient_inventory,3425,Cancer Bush (Sutherlandia frutescens),886,,,,,,raw_material_review,manual_review,"needs serving size, packaging, price, and safety approval"
raw_ingredient_inventory,3431,Pterostilbene 98%,1301.2,,,,,,raw_material_review,manual_review,"needs serving size, packaging, price, and safety approval"
raw_ingredient_inventory,3437,Vitamin B7: Biotin,38.04,,,,,,raw_material_review,formula_only,tiny-dose active; route to containing formulations
raw_ingredient_inventory,3441,Hydrolyzed Whey (Bos taurus),774,,,,,,raw_material_review,manual_review,"needs serving size, packaging, price, and safety approval"
raw_ingredient_inventory,3445,Diosgenin 98% (Dioscorea villosa),516.6,,,,,,raw_material_review,manual_review,"needs serving size, packaging, price, and safety approval"
raw_ingredient_inventory,3446,Xylitol (Betula spp.),14,,,,,,raw_material_review,manual_review,"needs serving size, packaging, price, and safety approval"
raw_ingredient_inventory,3447,Yacon (Smallanthus sonchifilius) (folia),454,,,,,,raw_material_review,manual_review,"needs serving size, packaging, price, and safety approval"
raw_ingredient_inventory,3449,Yumberry (Myrica rubra) (succus),454,,,,,,raw_material_review,manual_review,"needs serving size, packaging, price, and safety approval"
raw_ingredient_inventory,3450,Zinc Orotate (15% Zn),282,,,,,,raw_material_review,manual_review,"needs serving size, packaging, price, and safety approval"
raw_ingredient_inventory,3451,Zeolite (Micronized Clinoptilolite),1048,,,,,,raw_material_review,manual_review,"needs serving size, packaging, price, and safety approval"
raw_ingredient_inventory,3485,Lapachol 3% (Tabebuia Impetiginosa),636,,,,,,raw_material_review,manual_review,"needs serving size, packaging, price, and safety approval"
raw_ingredient_inventory,3487,Red Root 4:1 (Ceanothus americanus),85.6,,,,,,raw_material_review,manual_review,"needs serving size, packaging, price, and safety approval"
raw_ingredient_inventory,3503,American Ginseng 20:1 (Panax quinquefolia),458,,,,,,raw_material_review,manual_review,"needs serving size, packaging, price, and safety approval"
raw_ingredient_inventory,3512,Glucomannan (Amorphophallus konjac),498,,,,,,raw_material_review,manual_review,"needs serving size, packaging, price, and safety approval"
raw_ingredient_inventory,3513,Betaine HCl (Pepsin),346,,,,,,raw_material_review,manual_review,"needs serving size, packaging, price, and safety approval"
raw_ingredient_inventory,3514,Caprylic Acid 95% (Cocos nucifera),1000,,,,,,raw_material_review,manual_review,"needs serving size, packaging, price, and safety approval"
raw_ingredient_inventory,3519,Fulvic Acid 95%,94.575,,,,,,raw_material_review,manual_review,"needs serving size, packaging, price, and safety approval"
raw_ingredient_inventory,3520,Boron (as Sodium Borate),344,,,,,,raw_material_review,manual_review,"needs serving size, packaging, price, and safety approval"
raw_ingredient_inventory,3525,Watermelon (Citrullus lanatus) (succus),480,,,,,,raw_material_review,manual_review,"needs serving size, packaging, price, and safety approval"
raw_ingredient_inventory,3527,Brown Rice Protein (Oryza sativa),470,,,,,,raw_material_review,manual_review,"needs serving size, packaging, price, and safety approval"
raw_ingredient_inventory,3529,Creatine Monohydrate powder,1000,,,,,,raw_material_review,manual_review,"needs serving size, packaging, price, and safety approval"
raw_ingredient_inventory,3533,Cycloastragenol 98% (Astragalus membranaceus),20,,,,,,raw_material_review,manual_review,"needs serving size, packaging, price, and safety approval"
raw_ingredient_inventory,3536,Strontium Carbonate (45% Sr),252.4,,,,,,raw_material_review,manual_review,"needs serving size, packaging, price, and safety approval"
raw_ingredient_inventory,3537,Zinc L-Aspartate (20% Zn),176,,,,,,raw_material_review,manual_review,"needs serving size, packaging, price, and safety approval"
raw_ingredient_inventory,3538,Zinc Sulfate Monohydrate (20% Zn),244,,,,,,raw_material_review,manual_review,"needs serving size, packaging, price, and safety approval"
raw_ingredient_inventory,3539,Magnesium Citrate (12% Mg),469,,,,,,raw_material_review,manual_review,"needs serving size, packaging, price, and safety approval"
raw_ingredient_inventory,3541,Cinnamon (Cinnamomum cassia),282,,,,,,raw_material_review,manual_review,"needs serving size, packaging, price, and safety approval"
raw_ingredient_inventory,3565,PQQ (Pyrroloquinoline Quinone) 98%,76.8,,,,,,raw_material_review,formula_only,tiny-dose active; route to containing formulations
raw_ingredient_inventory,3575,Boron Citrate (5% Boron),1000,,,,,,raw_material_review,manual_review,"needs serving size, packaging, price, and safety approval"
raw_ingredient_inventory,3576,Boron Glycinate (5% Boron),975.6,,,,,,raw_material_review,manual_review,"needs serving size, packaging, price, and safety approval"
raw_ingredient_inventory,3577,Iron Glycinate 14% (Soluble),706,,,,,,raw_material_review,manual_review,"needs serving size, packaging, price, and safety approval"
raw_ingredient_inventory,3578,Vitamin C: Magnesium Ascorbate (6.5% Mg),2112.52,,,,,,raw_material_review,manual_review,"needs serving size, packaging, price, and safety approval"
raw_ingredient_inventory,3579,Magnesium Citrate (granular) (12% Mg),340,,,,,,raw_material_review,manual_review,"needs serving size, packaging, price, and safety approval"
raw_ingredient_inventory,3580,Vitamin C: Manganese Ascorbate (13% Mn),1080.92,,,,,,raw_material_review,manual_review,"needs serving size, packaging, price, and safety approval"
raw_ingredient_inventory,3581,Manganese Aspartate (14% Mn),697.6,,,,,,raw_material_review,manual_review,"needs serving size, packaging, price, and safety approval"
raw_ingredient_inventory,3583,Manganese Glycinate (22% Mn),780.4,,,,,,raw_material_review,manual_review,"needs serving size, packaging, price, and safety approval"
raw_ingredient_inventory,3584,Molybdenum AAC 0.2%,341,,,,,,raw_material_review,manual_review,"needs serving size, packaging, price, and safety approval"
raw_ingredient_inventory,3586,Vitamin C: Zinc Ascorbate (15% Zn),195.36,,,,,,raw_material_review,manual_review,"needs serving size, packaging, price, and safety approval"
raw_ingredient_inventory,3592,Witch Hazel (Hamamelis virginiana),2034,,,,,,raw_material_review,manual_review,"needs serving size, packaging, price, and safety approval"
raw_ingredient_inventory,3595,Myrrh (Commiphora myrrha) (resin),154,,,,,,raw_material_review,manual_review,"needs serving size, packaging, price, and safety approval"
raw_ingredient_inventory,3599,Knitbone (Allantoin) (Symphytum officinale) (radix),169.4,,,,,,raw_material_review,manual_review,"needs serving size, packaging, price, and safety approval"
raw_ingredient_inventory,3600,Hibisucus tea (Hibiscus rosa-sinensis) (flora),454,,,,,,raw_material_review,manual_review,"needs serving size, packaging, price, and safety approval"
raw_ingredient_inventory,3602,Essiac tea,454,,,,,,raw_material_review,manual_review,"needs serving size, packaging, price, and safety approval"
raw_ingredient_inventory,3603,Rose (Rosa damascena),200,,,,,,raw_material_review,manual_review,"needs serving size, packaging, price, and safety approval"
raw_ingredient_inventory,3605,Fennel (Foeniculum vulgare) (semen),1500,,,,,,raw_material_review,manual_review,"needs serving size, packaging, price, and safety approval"
raw_ingredient_inventory,3609,Cranberry Proanthocyanidins 25% (Vaccinium macrocarpon),442,,,,,,raw_material_review,manual_review,"needs serving size, packaging, price, and safety approval"
raw_ingredient_inventory,3610,Flavone 5% (Rubus idaeus),1000,,,,,,raw_material_review,manual_review,"needs serving size, packaging, price, and safety approval"
raw_ingredient_inventory,3618,Soapnut Saponins 40% (Sapindus trifoliatus),1028,,,,,,raw_material_review,manual_review,"needs serving size, packaging, price, and safety approval"
raw_ingredient_inventory,3620,Oridonin 98% (Rabdosia rubescens),306,,,,,,raw_material_review,manual_review,"needs serving size, packaging, price, and safety approval"
raw_ingredient_inventory,3628,Ellagic Acid 90% (Rubus spp.),446,,,,,,raw_material_review,manual_review,"needs serving size, packaging, price, and safety approval"
raw_ingredient_inventory,3643,CEE (Creatine Ethyl Ester HCl),1894,,,,,,raw_material_review,manual_review,"needs serving size, packaging, price, and safety approval"
raw_ingredient_inventory,3653,"Catalase 100,000 FIP/g (Dioscorea spp.)",1374,,,,,,raw_material_review,manual_review,"needs serving size, packaging, price, and safety approval"
raw_ingredient_inventory,3654,"Lipase 120,000 FIP",3124,,,,,,raw_material_review,manual_review,"needs serving size, packaging, price, and safety approval"
raw_ingredient_inventory,3655,Ketones 98% (Rubus spp.),268,,,,,,raw_material_review,manual_review,"needs serving size, packaging, price, and safety approval"
raw_ingredient_inventory,3657,Huperzine A 5% (Huperzia serrata),91.16,,,,,,raw_material_review,formula_only,tiny-dose active; route to containing formulations
raw_ingredient_inventory,3659,Mangostin 10% (Garcinia mangostana),1000,,,,,,raw_material_review,manual_review,"needs serving size, packaging, price, and safety approval"
raw_ingredient_inventory,3662,Polyphenols 20% (Garcinia mangostana) (folia),1000,,,,,,raw_material_review,manual_review,"needs serving size, packaging, price, and safety approval"
raw_ingredient_inventory,3676,BCAA (Branched Chain Amino Acids),190,,,,,,raw_material_review,manual_review,"needs serving size, packaging, price, and safety approval"
raw_ingredient_inventory,3681,*Bacosides 50% (Bacopa monnieri),1894,,,,,,raw_material_review,manual_review,"needs serving size, packaging, price, and safety approval"
raw_ingredient_inventory,3686,Zeaxanthin 60% (Tagetes spp.),136.04,,,,,,raw_material_review,manual_review,"needs serving size, packaging, price, and safety approval"
raw_ingredient_inventory,3690,Vitamin B9: 5-MTHF (L-5-methyltetrahydrofolate) 98%,1098.8812,,,,,,raw_material_review,formula_only,tiny-dose active; route to containing formulations
raw_ingredient_inventory,3695,Vitamin B13: Choline Bitartrate*,714,,,,,,raw_material_review,manual_review,"needs serving size, packaging, price, and safety approval"
raw_ingredient_inventory,3696,Vitamin B8: Myo-Inositol,1126,,,,,,raw_material_review,manual_review,"needs serving size, packaging, price, and safety approval"
raw_ingredient_inventory,3697,Vitamin B16: DMG (Dimethylglycine),1062.6,,,,,,raw_material_review,manual_review,"needs serving size, packaging, price, and safety approval"
raw_ingredient_inventory,3698,L-Carnitine,584,,,,,,raw_material_review,manual_review,"needs serving size, packaging, price, and safety approval"
raw_ingredient_inventory,3699,Vitamin B10: PABA (Para-AminoBenzoic Acid),524,,,,,,raw_material_review,manual_review,"needs serving size, packaging, price, and safety approval"
raw_ingredient_inventory,3701,Vitamin B3: Niacinamide,923.6,,,,,,raw_material_review,manual_review,"needs serving size, packaging, price, and safety approval"
raw_ingredient_inventory,3713,Blushwood 100:1 (Fontainea spp.) (semen),396,,,,,,raw_material_review,manual_review,"needs serving size, packaging, price, and safety approval"
raw_ingredient_inventory,3715,Coenzyme A: cAMP 98% (Cyclic Adenosine Monophosphate),736,,,,,,raw_material_review,manual_review,"needs serving size, packaging, price, and safety approval"
raw_ingredient_inventory,3726,*Curcumin 95% (Curcuma longa),208.5344,,,,,,raw_material_review,manual_review,"needs serving size, packaging, price, and safety approval"
raw_ingredient_inventory,3737,MCHA (Microcrystalline Hydroxyapatite) (29 microns) (Ca 25%),550,,,,,,raw_material_review,manual_review,"needs serving size, packaging, price, and safety approval"
raw_ingredient_inventory,3742,Angelica Chalcones 30% (Angelica keiskei koidzumi),1047.68,,,,,,raw_material_review,manual_review,"needs serving size, packaging, price, and safety approval"
raw_ingredient_inventory,3757,Strontium Citrate (34.6% Sr),988,,,,,,raw_material_review,manual_review,"needs serving size, packaging, price, and safety approval"
raw_ingredient_inventory,3763,Shikonin 30% (Lithospermum erythrorhizon),1000,,,,,,raw_material_review,manual_review,"needs serving size, packaging, price, and safety approval"
raw_ingredient_inventory,3767,Glycoside 20% (Aloe spp.),1000,,,,,,raw_material_review,manual_review,"needs serving size, packaging, price, and safety approval"
raw_ingredient_inventory,3769,PEA (Phenylethylamine HCl),1392,,,,,,raw_material_review,manual_review,"needs serving size, packaging, price, and safety approval"
raw_ingredient_inventory,3771,Pregnenolone 99%,622.4,,,,,,raw_material_review,exclude,restricted/high-risk raw material
raw_ingredient_inventory,3776,Oleuropein 40% (Olea europaea),966,,,,,,raw_material_review,manual_review,"needs serving size, packaging, price, and safety approval"
raw_ingredient_inventory,3780,Copper Glycinate (10% Cu),668.8,,,,,,raw_material_review,manual_review,"needs serving size, packaging, price, and safety approval"
raw_ingredient_inventory,3785,*Fisetin 50% (Cotinus coggygria),304.8,,,,,,raw_material_review,manual_review,"needs serving size, packaging, price, and safety approval"
raw_ingredient_inventory,3786,Maitake Polysaccharides 50% (Grifola frondosa),318,,,,,,raw_material_review,manual_review,"needs serving size, packaging, price, and safety approval"
raw_ingredient_inventory,3787,Agaricus Polysaccharides 30% (Agaricus blazei),500,,,,,,raw_material_review,manual_review,"needs serving size, packaging, price, and safety approval"
raw_ingredient_inventory,3788,CS-4 (Cordyceps sinensis) (mycelium),1489,,,,,,raw_material_review,manual_review,"needs serving size, packaging, price, and safety approval"
raw_ingredient_inventory,3789,Turkey Tail Polysaccharide 30% (Coriolus versicolor),686,,,,,,raw_material_review,manual_review,"needs serving size, packaging, price, and safety approval"
raw_ingredient_inventory,3791,Umbrella Polysaccharides 50% (Polyporus umbellatus),666,,,,,,raw_material_review,manual_review,"needs serving size, packaging, price, and safety approval"
raw_ingredient_inventory,3793,Enoki Polysaccharides 30% (Flammulina velutipe),708,,,,,,raw_material_review,manual_review,"needs serving size, packaging, price, and safety approval"
raw_ingredient_inventory,3801,Charantin 10% (Momordica charantia),2448,,,,,,raw_material_review,manual_review,"needs serving size, packaging, price, and safety approval"
raw_ingredient_inventory,3818,Lime 4:1 (Citrus aurantifolia) (fructus),1000,,,,,,raw_material_review,manual_review,"needs serving size, packaging, price, and safety approval"
raw_ingredient_inventory,3831,Strawberry (Fragaria vesca) (fructus),384,,,,,,raw_material_review,manual_review,"needs serving size, packaging, price, and safety approval"
raw_ingredient_inventory,3835,Arnica 4:1 (Arnica montana),1000,,,,,,raw_material_review,manual_review,"needs serving size, packaging, price, and safety approval"
raw_ingredient_inventory,3838,Bee Pollen 4:1 (Apis melifica),738,,,,,,raw_material_review,manual_review,"needs serving size, packaging, price, and safety approval"
raw_ingredient_inventory,3839,Black Walnut 4:1 (Juglans nigra),1000,,,,,,raw_material_review,manual_review,"needs serving size, packaging, price, and safety approval"
raw_ingredient_inventory,3843,Chanca Piedra 8:1 (Phyllantus niruri),862,,,,,,raw_material_review,manual_review,"needs serving size, packaging, price, and safety approval"
raw_ingredient_inventory,3844,Chaparral (Larea tridentata sy dirvaricata),1000,,,,,,raw_material_review,manual_review,"needs serving size, packaging, price, and safety approval"
raw_ingredient_inventory,3845,Cilantro 4:1 (Coriandrum sativum),914.5,,,,,,raw_material_review,manual_review,"needs serving size, packaging, price, and safety approval"
raw_ingredient_inventory,3846,Cleavers (Galium aparine),604,,,,,,raw_material_review,manual_review,"needs serving size, packaging, price, and safety approval"
raw_ingredient_inventory,3858,Arabinogalactan (Larix occidentalis),1250,,,,,,raw_material_review,manual_review,"needs serving size, packaging, price, and safety approval"
raw_ingredient_inventory,3859,Mastic Gum (Pistacia lentiscus),510,,,,,,raw_material_review,manual_review,"needs serving size, packaging, price, and safety approval"
raw_ingredient_inventory,3867,Slippery Elm Bark 4:1 (Ulmus rubra) (cortex),750,,,,,,raw_material_review,manual_review,"needs serving size, packaging, price, and safety approval"
raw_ingredient_inventory,3869,Suma 10:1 (Pfaffia paniculata) (radix),1000,,,,,,raw_material_review,manual_review,"needs serving size, packaging, price, and safety approval"
raw_ingredient_inventory,3873,Barley (Hordeum Vulgare) (Sprout),1000,,,,,,raw_material_review,manual_review,"needs serving size, packaging, price, and safety approval"
raw_ingredient_inventory,3877,Kale 4:1 (Brassica oleracea) (folia),1360.4,,,,,,raw_material_review,manual_review,"needs serving size, packaging, price, and safety approval"
raw_ingredient_inventory,3889,Lutein 80% (Tagetes spp.),184.2,,,,,,raw_material_review,manual_review,"needs serving size, packaging, price, and safety approval"
raw_ingredient_inventory,3892,"Phytosterols 95% (Beta Sitosterol 43%,Stigmasterol 16%, Campesterol 28%, Brassicasterol 3%)",434,,,,,,raw_material_review,manual_review,"needs serving size, packaging, price, and safety approval"
raw_ingredient_inventory,3898,Policosanol 98% (Saccharum sinensis),960,,,,,,raw_material_review,manual_review,"needs serving size, packaging, price, and safety approval"
raw_ingredient_inventory,3904,Phytoceramides 10% (Oryza sativa),514.8,,,,,,raw_material_review,manual_review,"needs serving size, packaging, price, and safety approval"
raw_ingredient_inventory,3907,Fenugreek (Trigonella foenum-graecum) (semen),90,,,,,,raw_material_review,manual_review,"needs serving size, packaging, price, and safety approval"
raw_ingredient_inventory,3926,Flavone 8% (Melissa officinalis),1000,,,,,,raw_material_review,manual_review,"needs serving size, packaging, price, and safety approval"
raw_ingredient_inventory,3927,Golden Carpet 10:1 (Sedum sarmentosum),1000,,,,,,raw_material_review,manual_review,"needs serving size, packaging, price, and safety approval"
raw_ingredient_inventory,3942,Magnesium BHB (Beta-Hydroxybutyrate) (8% Mg),1403,,,,,,raw_material_review,manual_review,"needs serving size, packaging, price, and safety approval"
raw_ingredient_inventory,3946,Treasurer of the Gods 20:1 (Butea frondosa),670,,,,,,raw_material_review,manual_review,"needs serving size, packaging, price, and safety approval"
raw_ingredient_inventory,3952,Kratom (Mitragyna speciosa),1050,,,,,,raw_material_review,exclude,restricted/high-risk raw material
raw_ingredient_inventory,3955,L-Histidine,346,,,,,,raw_material_review,manual_review,"needs serving size, packaging, price, and safety approval"
raw_ingredient_inventory,3959,Fisetin 98% (Cotinus coggygria),1008,,,,,,raw_material_review,manual_review,"needs serving size, packaging, price, and safety approval"
raw_ingredient_inventory,3964,Forbidden Rice C3G 40% (Cyanidin-3-o-glucoside) (Oryza sativa),1164,,,,,,raw_material_review,manual_review,"needs serving size, packaging, price, and safety approval"
raw_ingredient_inventory,3977,Mimosa pudica 10:1 seed extract,672,,,,,,raw_material_review,manual_review,"needs serving size, packaging, price, and safety approval"
raw_ingredient_inventory,3978,Mimosa pudica 10:1,524,,,,,,raw_material_review,manual_review,"needs serving size, packaging, price, and safety approval"
raw_ingredient_inventory,3983,L-Ornithine AKG (Alphaketoglutarate),472,,,,,,raw_material_review,manual_review,"needs serving size, packaging, price, and safety approval"
raw_ingredient_inventory,4002,*Chitosan 90% Deacetylated (Aspergillus niger),678,,,,,,raw_material_review,manual_review,"needs serving size, packaging, price, and safety approval"
raw_ingredient_inventory,4006,Vidanga 30:1 (Embelia ribes),396,,,,,,raw_material_review,manual_review,"needs serving size, packaging, price, and safety approval"
raw_ingredient_inventory,4014,Noopept 99%,80,,,,,,raw_material_review,exclude,restricted/high-risk raw material
raw_ingredient_inventory,4019,*Reishi 30:1 (Ganoderma lucidum),240,,,,,,raw_material_review,manual_review,"needs serving size, packaging, price, and safety approval"
raw_ingredient_inventory,4020,Senega 20:1 (Polygala tenuifolia),1000,,,,,,raw_material_review,manual_review,"needs serving size, packaging, price, and safety approval"
raw_ingredient_inventory,4021,Black Cardamom 20:1 (Alpinia oxyphylla) (fruit),1000,,,,,,raw_material_review,manual_review,"needs serving size, packaging, price, and safety approval"
raw_ingredient_inventory,4035,Gingerols 20% (Zingiber officinalis),860.8,,,gingerol,Gingerol,3997,specification_mismatch,rename_or_split_catalog_record,catalog record exists; verify the exact material specification
raw_ingredient_inventory,4045,Vitamin B13: Centrophenoxine 99%*,1736,,,,,,raw_material_review,manual_review,"needs serving size, packaging, price, and safety approval"
raw_ingredient_inventory,4050,Sericin 99% (Bombyx mori),1000,,,,,,raw_material_review,manual_review,"needs serving size, packaging, price, and safety approval"
raw_ingredient_inventory,4064,Moringa Protein 27% (Moringa oleifera) (folia),1000,,,,,,raw_material_review,manual_review,"needs serving size, packaging, price, and safety approval"
raw_ingredient_inventory,4079,Proteoglycans 50% (Convolvulus arvensis),868,,,,,,raw_material_review,manual_review,"needs serving size, packaging, price, and safety approval"
raw_ingredient_inventory,4081,*Honokiol 50% (Magnolia grandiflora),336.4,,,,,,raw_material_review,manual_review,"needs serving size, packaging, price, and safety approval"
raw_ingredient_inventory,4100,Vitamin B13: CDP-Choline 99% (Citicoline),884,,,,,,raw_material_review,manual_review,"needs serving size, packaging, price, and safety approval"
raw_ingredient_inventory,4108,Solomon’s Seal 20:1 (Polygonatum sibiricum),1250,,,,,,raw_material_review,manual_review,"needs serving size, packaging, price, and safety approval"
raw_ingredient_inventory,4115,NAG (N-Acetyl D-Glucosamine),380,,,,,,raw_material_review,manual_review,"needs serving size, packaging, price, and safety approval"
raw_ingredient_inventory,4119,Succinic Acid 98% (Pinus succinifera),230,,,,,,raw_material_review,manual_review,"needs serving size, packaging, price, and safety approval"
raw_ingredient_inventory,4121,Polyphenols 65% (Cistus incanus),1426,,,,,,raw_material_review,manual_review,"needs serving size, packaging, price, and safety approval"
raw_ingredient_inventory,4133,Acetogenins 1% (Annona muricata) (folia),1000,,,,,,raw_material_review,manual_review,"needs serving size, packaging, price, and safety approval"
raw_ingredient_inventory,4137,Hydrolyzed Silkworm Pupae Protein 85%,1000,,,,,,raw_material_review,manual_review,"needs serving size, packaging, price, and safety approval"
raw_ingredient_inventory,4142,Spikenard 20:1 (Nardostachys jatamansi),872,,,,,,raw_material_review,manual_review,"needs serving size, packaging, price, and safety approval"
raw_ingredient_inventory,4148,Hydrangea 10:1 (Hydrangea arborescens),1066,,,,,,raw_material_review,manual_review,"needs serving size, packaging, price, and safety approval"
raw_ingredient_inventory,4153,Borneol 98% (Natural source),82,,,,,,raw_material_review,manual_review,"needs serving size, packaging, price, and safety approval"
raw_ingredient_inventory,4165,5-HTP (5-Hydroxytryptophan) (Griffonia simplicifolia),872,,,,,,raw_material_review,manual_review,"needs serving size, packaging, price, and safety approval"
raw_ingredient_inventory,4194,Beta Carotene 96% (natural),108,,,,,,raw_material_review,manual_review,"needs serving size, packaging, price, and safety approval"
raw_ingredient_inventory,4199,Hydrolyzed Collagen (White Fish),5100,,,,,,raw_material_review,manual_review,"needs serving size, packaging, price, and safety approval"
raw_ingredient_inventory,4200,Hydrolyzed White Fish Protein 99% (White Fish),352,,,,,,raw_material_review,manual_review,"needs serving size, packaging, price, and safety approval"
raw_ingredient_inventory,4201,Barley (Hordeum vulgare) Grass Juice Powder Organic,444,,,,,,raw_material_review,manual_review,"needs serving size, packaging, price, and safety approval"
raw_ingredient_inventory,4202,Carrot (Daucus carota),904,,,,,,raw_material_review,manual_review,"needs serving size, packaging, price, and safety approval"
raw_ingredient_inventory,4205,CLA 40% (Conjugated Linoleic Acid),992,,,,,,raw_material_review,manual_review,"needs serving size, packaging, price, and safety approval"
raw_ingredient_inventory,4209,Cracked Pine Pollen 20:1 (Pinus spp.),66,,,,,,raw_material_review,manual_review,"needs serving size, packaging, price, and safety approval"
raw_ingredient_inventory,4219,Flavones 10% (Passiflora incarnata),292,,,,,,raw_material_review,manual_review,"needs serving size, packaging, price, and safety approval"
raw_ingredient_inventory,4234,Butterfly Pea Flower (Clitoria terratea),1000,,,,,,raw_material_review,manual_review,"needs serving size, packaging, price, and safety approval"
raw_ingredient_inventory,4236,DGL Licorice (<3% Glycyrrhizic acid) (Glycyrrhiza glabra),502.5,,,,,,raw_material_review,manual_review,"needs serving size, packaging, price, and safety approval"
raw_ingredient_inventory,4240,Flavonoids 85% (Crataegus oxyacantha),876,,,,,,raw_material_review,manual_review,"needs serving size, packaging, price, and safety approval"
raw_ingredient_inventory,4244,C60 99.99% (Buckminster Fullerene),3.664,,,,,,raw_material_review,manual_review,"needs serving size, packaging, price, and safety approval"
raw_ingredient_inventory,4261,Bismuth Citrate,726,,,,,,raw_material_review,manual_review,"needs serving size, packaging, price, and safety approval"
raw_ingredient_inventory,4264,Vitamin K2: MK-7 (Menaquinone-7) 1.3%,1000.688,,,,,,raw_material_review,formula_only,tiny-dose active; route to containing formulations
raw_ingredient_inventory,4269,Fucoxanthin 85% (Laminaria spp.),1978.64,,,,,,raw_material_review,manual_review,"needs serving size, packaging, price, and safety approval"
raw_ingredient_inventory,4285,EDTA Disodium 99% EYE DROPS (Ethylenediaminetetraacetic acid),386,,,,,,raw_material_review,exclude,restricted/high-risk raw material
raw_ingredient_inventory,4303,Beta Sitosterol 30% (Urtica dioica),1600,,,,,,raw_material_review,manual_review,"needs serving size, packaging, price, and safety approval"
raw_ingredient_inventory,4317,Azadirachtin 30% (Azadirachta indica),240.4,,,,,,raw_material_review,manual_review,"needs serving size, packaging, price, and safety approval"
raw_ingredient_inventory,4321,Elderberry Anthocyanins 25% (Sambucus nigra),456,,,,,,raw_material_review,manual_review,"needs serving size, packaging, price, and safety approval"
raw_ingredient_inventory,4323,Glucoraphanin 17% (Brassica oleracea),588,,,,,,raw_material_review,manual_review,"needs serving size, packaging, price, and safety approval"
raw_ingredient_inventory,4325,Vitamin B13: Alpha GPC (Alpha-Glyceryl Phosphoryl Choline) 99%,1540,,,,,,raw_material_review,manual_review,"needs serving size, packaging, price, and safety approval"
raw_ingredient_inventory,4328,Pumpkin Protein (Cucurbita spp.),244,,,,,,raw_material_review,manual_review,"needs serving size, packaging, price, and safety approval"
raw_ingredient_inventory,4330,Stinging Nettle Beta Sitosterol 95% (Urtica dioica),1338,,,,,,raw_material_review,manual_review,"needs serving size, packaging, price, and safety approval"
raw_ingredient_inventory,4332,Chamomile 20:1 (Matricaria recutica),76,,,,,,raw_material_review,manual_review,"needs serving size, packaging, price, and safety approval"
raw_ingredient_inventory,4334,Lomatium 10:1 (Lomatium dissectum),872,,,,,,raw_material_review,manual_review,"needs serving size, packaging, price, and safety approval"
raw_ingredient_inventory,4338,Bone Broth (Bos taurus),5000,,,,,,raw_material_review,manual_review,"needs serving size, packaging, price, and safety approval"
raw_ingredient_inventory,4361,Black Currant (Ribes nigrum) (succus),1000,,,,,,raw_material_review,manual_review,"needs serving size, packaging, price, and safety approval"
raw_ingredient_inventory,4368,Corydalis 10:1 (Corydalis yanhusuo),1000,,,,,,raw_material_review,manual_review,"needs serving size, packaging, price, and safety approval"
raw_ingredient_inventory,4369,GLA (Gamma Linoleic Acid) 20% (Borago officinalis),960,,,,,,raw_material_review,manual_review,"needs serving size, packaging, price, and safety approval"
raw_ingredient_inventory,4375,*Xanthohumol 10% (Humulus lupulus),188,,,,,,raw_material_review,manual_review,"needs serving size, packaging, price, and safety approval"
raw_ingredient_inventory,4377,Dead Sea Salt,86,,,dead-sea-salt,Dead Sea Salt,3997,live_catalog_record,verify_retail_configuration,catalog record exists; verify the exact material specification
raw_ingredient_inventory,4391,Allicin 25% (Allium sativa),358.64,,,,,,raw_material_review,manual_review,"needs serving size, packaging, price, and safety approval"
raw_ingredient_inventory,4392,Clove (Syzygium aromaticum),186,,,,,,raw_material_review,manual_review,"needs serving size, packaging, price, and safety approval"
raw_ingredient_inventory,4395,Rutin 98% (Sophorae japonica),1462,,,,,,raw_material_review,manual_review,"needs serving size, packaging, price, and safety approval"
raw_ingredient_inventory,4398,Pyruvate 60% (Calcium Pyruvate),532,,,,,,raw_material_review,manual_review,"needs serving size, packaging, price, and safety approval"
raw_ingredient_inventory,4405,L-Taurine,1000,,,,,,raw_material_review,manual_review,"needs serving size, packaging, price, and safety approval"
raw_ingredient_inventory,4407,L-DOPA,100,,,,,,raw_material_review,exclude,restricted/high-risk raw material
raw_ingredient_inventory,4446,Water Plantain 25:1 (Alisma orientalis),218.42,,,,,,raw_material_review,manual_review,"needs serving size, packaging, price, and safety approval"
raw_ingredient_inventory,4450,*Paeoniflorin 50% (Paeonia spp.) ~1.5:1,1027.5,,,,,,raw_material_review,manual_review,"needs serving size, packaging, price, and safety approval"
raw_ingredient_inventory,4460,Monkshood 20:1 (Aconitum carmichaelii),336.4,,,,,,raw_material_review,exclude,restricted/high-risk raw material
raw_ingredient_inventory,4467,*Rehmannia 50:1 (Rehmannia glutinosa),1036.42,,,,,,raw_material_review,manual_review,"needs serving size, packaging, price, and safety approval"
raw_ingredient_inventory,4472,Vitamin B6: Pyridoxine,250,,,,,,raw_material_review,manual_review,"needs serving size, packaging, price, and safety approval"
raw_ingredient_inventory,4483,BHT (Butylated Hydroxy Toluene),828,,,,,,raw_material_review,manual_review,"needs serving size, packaging, price, and safety approval"
raw_ingredient_inventory,4490,Vitamin A: Retinyl Acetate,997.008,,,,,,raw_material_review,manual_review,"needs serving size, packaging, price, and safety approval"
raw_ingredient_inventory,4504,"*Nattokinase 20,000 FU/g (Bacillus subtilis)",168.8,,,,,,raw_material_review,manual_review,"needs serving size, packaging, price, and safety approval"
raw_ingredient_inventory,4524,DHEA Sulfate 99% (Dehydroepiandrosterone Sulfate),756.4,,,,,,raw_material_review,exclude,restricted/high-risk raw material
raw_ingredient_inventory,4525,Steviocides 95% Rebaudioside A 40% (Stevia rebaudiana),388,,,,,,raw_material_review,manual_review,"needs serving size, packaging, price, and safety approval"
raw_ingredient_inventory,4532,Magnesium Chloride Hexahydrate (12% Mg),190,,,,,,raw_material_review,manual_review,"needs serving size, packaging, price, and safety approval"
raw_ingredient_inventory,4537,TUDCA (Tauroursodeoxycholic Acid) 98%,28,,,,,,raw_material_review,manual_review,"needs serving size, packaging, price, and safety approval"
raw_ingredient_inventory,4538,"Yeast Enzyme 500,000 U/g (Saccharomyces cerevisiae)",237,,,,,,raw_material_review,manual_review,"needs serving size, packaging, price, and safety approval"
raw_ingredient_inventory,4541,*Eleutheroside B+E 1.5% (Eleutherococcus senticosus),429.6,,,,,,raw_material_review,manual_review,"needs serving size, packaging, price, and safety approval"
raw_ingredient_inventory,4546,Eleutheroside B+E 2% (Eleutherococcus senticosus),314.2,,,,,,raw_material_review,manual_review,"needs serving size, packaging, price, and safety approval"
raw_ingredient_inventory,4551,Hydrolyzed Pea Protein 80% (Pisum sativum),4364,,,,,,raw_material_review,manual_review,"needs serving size, packaging, price, and safety approval"
raw_ingredient_inventory,4562,Glucosamine Sulfate 98% (Vegan),620,,,,,,raw_material_review,manual_review,"needs serving size, packaging, price, and safety approval"
raw_ingredient_inventory,4602,Chaga Polysaccharide 50% (Inonotus obliquus),764,,,,,,raw_material_review,manual_review,"needs serving size, packaging, price, and safety approval"
raw_ingredient_inventory,4606,Petasins 15% (Petasites hybridus),992,,,,,,raw_material_review,manual_review,"needs serving size, packaging, price, and safety approval"
raw_ingredient_inventory,4624,Colostrum (Capra hircus),1820,,,,,,raw_material_review,manual_review,"needs serving size, packaging, price, and safety approval"
raw_ingredient_inventory,4625,Loganin 10% (Cornus officinalis),713.7,,,,,,raw_material_review,manual_review,"needs serving size, packaging, price, and safety approval"
raw_ingredient_inventory,4629,SOD 3110 u/mg (Superoxide Dismutase),1458,,,,,,raw_material_review,manual_review,"needs serving size, packaging, price, and safety approval"
raw_ingredient_inventory,4633,Piperine 95% (Piper nigrum),281.035,,,,,,raw_material_review,manual_review,"needs serving size, packaging, price, and safety approval"
raw_ingredient_inventory,4636,AAKG (L-Arginine Alpha-Ketoglutarate),944,,,,,,raw_material_review,manual_review,"needs serving size, packaging, price, and safety approval"
raw_ingredient_inventory,4637,L-Cysteine HCl,950,,,,,,raw_material_review,manual_review,"needs serving size, packaging, price, and safety approval"
raw_ingredient_inventory,4638,L-Methionine,1000,,,,,,raw_material_review,manual_review,"needs serving size, packaging, price, and safety approval"
raw_ingredient_inventory,4646,Magnesium Peroxide (43% Mg),13728,,,,,,raw_material_review,manual_review,"needs serving size, packaging, price, and safety approval"
raw_ingredient_inventory,4647,Thymus Peptides 90% (Bos taurus),994,,,,,,raw_material_review,manual_review,"needs serving size, packaging, price, and safety approval"
raw_ingredient_inventory,4658,Job’s Tears 50:1 (Coix lacryma-jobi),1000,,,,,,raw_material_review,manual_review,"needs serving size, packaging, price, and safety approval"
raw_ingredient_inventory,4659,Phillyrin 4% (Forsythia spp.),1080,,,,,,raw_material_review,manual_review,"needs serving size, packaging, price, and safety approval"
raw_ingredient_inventory,4690,Atractylodes 30:1 (Atractylodes macrocephala),960.4,,,,,,raw_material_review,manual_review,"needs serving size, packaging, price, and safety approval"
raw_ingredient_inventory,4692,Fo Ti 50:1 (Fallopia multiflora)*,394.4,,,,,,raw_material_review,manual_review,"needs serving size, packaging, price, and safety approval"
raw_ingredient_inventory,4703,Thymoquinone 20% (Nigella sativa),209.3,,,,,,raw_material_review,manual_review,"needs serving size, packaging, price, and safety approval"
raw_ingredient_inventory,4705,Peppermint 10:1 (Mentha piperita),694.24,,,,,,raw_material_review,manual_review,"needs serving size, packaging, price, and safety approval"
raw_ingredient_inventory,4713,Balloon Flower 20:1 (Platycodon grandiflorum),1000,,,,,,raw_material_review,manual_review,"needs serving size, packaging, price, and safety approval"
raw_ingredient_inventory,4726,Magnesium Butyrate (21.8% Mg),257.96,,,,,,raw_material_review,manual_review,"needs serving size, packaging, price, and safety approval"
raw_ingredient_inventory,4731,Poke Root 20:1 (Phytolacca americana),311.96,,,,,,raw_material_review,manual_review,"needs serving size, packaging, price, and safety approval"
raw_ingredient_inventory,4734,Crocin 45% (Gardenia jasminoides),506.72,,,,,,raw_material_review,manual_review,"needs serving size, packaging, price, and safety approval"
raw_ingredient_inventory,4741,Gotu Kola Asiaticosides 80% TECA (Centella asiatica)*,872,,,,,,raw_material_review,manual_review,"needs serving size, packaging, price, and safety approval"
raw_ingredient_inventory,4759,"Protease Neutral 100,000 u/g",116,,,,,,raw_material_review,manual_review,"needs serving size, packaging, price, and safety approval"
raw_ingredient_inventory,4778,L-Citrulline DL-Malate 2:1 (Citrullus lanatus),958,,,,,,raw_material_review,manual_review,"needs serving size, packaging, price, and safety approval"
raw_ingredient_inventory,4779,Hydrolyzed Collagen (Bos taurus),200,,,,,,raw_material_review,manual_review,"needs serving size, packaging, price, and safety approval"
raw_ingredient_inventory,4780,"Cayenne (Capsicum annuum) 160,000 HU",332,,,,,,raw_material_review,manual_review,"needs serving size, packaging, price, and safety approval"
raw_ingredient_inventory,4789,Chrysanthemum 50:1 (Chrysanthemum morifolium),1000,,,,,,raw_material_review,manual_review,"needs serving size, packaging, price, and safety approval"
raw_ingredient_inventory,4794,Vitamin C: Boron Ascorbate (8% Boron),962,,,,,,raw_material_review,manual_review,"needs serving size, packaging, price, and safety approval"
raw_ingredient_inventory,4803,Saikosaponin 50% (Bupleurum chinense),843.08,,,,,,raw_material_review,manual_review,"needs serving size, packaging, price, and safety approval"
raw_ingredient_inventory,4816,*Chlorogenic Acid 20% (Eucommia ulmoides),760,,,,,,raw_material_review,manual_review,"needs serving size, packaging, price, and safety approval"
raw_ingredient_inventory,4825,ORMUS Monoatomic Rose Gold,389.864,,,,,,raw_material_review,manual_review,"needs serving size, packaging, price, and safety approval"
raw_ingredient_inventory,4844,Boric Acid,4400,,,,,,raw_material_review,manual_review,"needs serving size, packaging, price, and safety approval"
raw_ingredient_inventory,4845,Zinc Malate (32% Zn),918.4,,,,,,raw_material_review,manual_review,"needs serving size, packaging, price, and safety approval"
raw_ingredient_inventory,4859,Gum Arabic (Acacia senegal),1438,,,,,,raw_material_review,manual_review,"needs serving size, packaging, price, and safety approval"
raw_ingredient_inventory,4863,Bladderwrack (Fucus vesiculosus),454,,,,,,raw_material_review,manual_review,"needs serving size, packaging, price, and safety approval"
raw_ingredient_inventory,4864,Sanguinarine 30% (Sanguinaria canadensis),1000,,,,,,raw_material_review,manual_review,"needs serving size, packaging, price, and safety approval"
raw_ingredient_inventory,4872,*Chlorogenic Acid 30% (Lonicera japonica),1000,,,,,,raw_material_review,manual_review,"needs serving size, packaging, price, and safety approval"
raw_ingredient_inventory,4878,Kelp (Ascophyllum Nodosum),456,,,,,,raw_material_review,manual_review,"needs serving size, packaging, price, and safety approval"
raw_ingredient_inventory,4898,Spirulina (Spirulina platensis),292,,,,,,raw_material_review,manual_review,"needs serving size, packaging, price, and safety approval"
raw_ingredient_inventory,4918,Fu Ling Polysaccharides 50% (Poria cocos),840.6,,,,,,raw_material_review,manual_review,"needs serving size, packaging, price, and safety approval"
raw_ingredient_inventory,4927,4MU 99% (4-Methylumbelliferone) (Dipteryx odorata),736,,,,,,raw_material_review,exclude,restricted/high-risk raw material
raw_ingredient_inventory,4929,Aulterra (Paramagnetic Bentonite),250,,,,,,raw_material_review,exclude,non-oral or production-use material
raw_ingredient_inventory,4931,Goji Anthocyanidins 25% (Lycium barbarum),1582,,,,,,raw_material_review,manual_review,"needs serving size, packaging, price, and safety approval"
raw_ingredient_inventory,4932,Vitamin B13: Phosphatidylcholine 30% (Gallus gallus domesticus) (Egg Lecithin),3398,,,,,,raw_material_review,manual_review,"needs serving size, packaging, price, and safety approval"
raw_ingredient_inventory,4933,Vitamin B3: NMN (Nicotinamide Mononucleotide) 99%,662,,,,,,raw_material_review,manual_review,"needs serving size, packaging, price, and safety approval"
raw_ingredient_inventory,4937,Vitamin B15: Pangamic Acid 99%,2193.4,,,,,,raw_material_review,manual_review,"needs serving size, packaging, price, and safety approval"
raw_ingredient_inventory,4943,Malic Acid,620,,,,,,raw_material_review,manual_review,"needs serving size, packaging, price, and safety approval"
raw_ingredient_inventory,4944,Magnesium Sulfate (20.2% Mg),2378,,,,,,raw_material_review,manual_review,"needs serving size, packaging, price, and safety approval"
raw_ingredient_inventory,4946,Black Mustard (Brassica nigra) (semen),1940,,,,,,raw_material_review,manual_review,"needs serving size, packaging, price, and safety approval"
raw_ingredient_inventory,4949,Amber (Succinic Acid),1850,,,,,,raw_material_review,manual_review,"needs serving size, packaging, price, and safety approval"
raw_ingredient_inventory,4950,*Gingerols 10% (Zingiber officinalis),284.195,,,,,,raw_material_review,manual_review,"needs serving size, packaging, price, and safety approval"
raw_ingredient_inventory,4951,Shikimic Acid 98% (Illicium verum),1246,,,,,,raw_material_review,manual_review,"needs serving size, packaging, price, and safety approval"
raw_ingredient_inventory,4952,Pine Needle 30:1 (Pinus spp.),4276,,,,,,raw_material_review,manual_review,"needs serving size, packaging, price, and safety approval"
raw_ingredient_inventory,4963,Amla Vitamin C 50% (Phyllanthus emblica),842,,,,,,raw_material_review,manual_review,"needs serving size, packaging, price, and safety approval"
raw_ingredient_inventory,4965,Bamboo Silica 70% (Bambusa arundinacea),98.8,,,,,,raw_material_review,manual_review,"needs serving size, packaging, price, and safety approval"
raw_ingredient_inventory,4969,Coconut Water Powder (Cocos nucifera),1000,,,,,,raw_material_review,manual_review,"needs serving size, packaging, price, and safety approval"
raw_ingredient_inventory,4973,D-Ribose,1274,,,,,,raw_material_review,manual_review,"needs serving size, packaging, price, and safety approval"
raw_ingredient_inventory,4976,Vitamin B13: DMAE (Dimethylaminoethanol) Bitartrate*,461,,,,,,raw_material_review,manual_review,"needs serving size, packaging, price, and safety approval"
raw_ingredient_inventory,4977,Forskolin 20% (Coleus forskohlii)*,1598,,,,,,raw_material_review,manual_review,"needs serving size, packaging, price, and safety approval"
raw_ingredient_inventory,4981,*Green Tea Polyphenols 98% EGCG 50% (Camelia sinensis),499.64,,,,,,raw_material_review,manual_review,"needs serving size, packaging, price, and safety approval"
raw_ingredient_inventory,4983,Gypenosides 98% (Gynostemma pentaphyllum),165.6,,,,,,raw_material_review,manual_review,"needs serving size, packaging, price, and safety approval"
raw_ingredient_inventory,4987,Magnesium Aspartate (14% Mg),466,,,,,,raw_material_review,manual_review,"needs serving size, packaging, price, and safety approval"
raw_ingredient_inventory,4988,*Magnesium Glycinate (14% Mg),1481.6,,,,,,raw_material_review,manual_review,"needs serving size, packaging, price, and safety approval"
raw_ingredient_inventory,4994,Marshmallow (Althaea officinalis) (radix),158,,,,,,raw_material_review,manual_review,"needs serving size, packaging, price, and safety approval"
raw_ingredient_inventory,4995,MCHA (Microcrystalline Hydroxyapatite) (vegan) (Ca 25%),2063,,,,,,raw_material_review,manual_review,"needs serving size, packaging, price, and safety approval"
raw_ingredient_inventory,4996,St. Mary's Thistle Silymarin 80% (Silybum marianum),622.4,,,,,,raw_material_review,manual_review,"needs serving size, packaging, price, and safety approval"
raw_ingredient_inventory,4997,MSM (Methylsulfonylmethane),1244.03,,,,,,raw_material_review,manual_review,"needs serving size, packaging, price, and safety approval"
raw_ingredient_inventory,4998,NALT (N-Acetyl L-Tyrosine),1678,,,,,,raw_material_review,manual_review,"needs serving size, packaging, price, and safety approval"
raw_ingredient_inventory,4999,NAC (N-Acetyl Cysteine),9022,,,,,,raw_material_review,manual_review,"needs serving size, packaging, price, and safety approval"
raw_ingredient_inventory,5001,Noni fruit powder (Morinda citrifolia),66,,,,,,raw_material_review,manual_review,"needs serving size, packaging, price, and safety approval"
raw_ingredient_inventory,5002,Phycocyanin 99% (Spirulina platensis),2382.2,,,,,,raw_material_review,manual_review,"needs serving size, packaging, price, and safety approval"
raw_ingredient_inventory,5003,Phytoceramides 1% (Amorphophallus konjac),1550,,,,,,raw_material_review,manual_review,"needs serving size, packaging, price, and safety approval"
raw_ingredient_inventory,5005,Pine OPCs 95% (Oligomeric Proanthocyanidins) (Pinus pinaster),854.4,,,,,,raw_material_review,manual_review,"needs serving size, packaging, price, and safety approval"
raw_ingredient_inventory,5007,Sodium Bicarbonate 99% (27.4% Na),2634,,,,,,raw_material_review,manual_review,"needs serving size, packaging, price, and safety approval"
raw_ingredient_inventory,5009,Vitamin B13: Phosphatides 30% (Helianthus annua),248.11,,,,,,raw_material_review,manual_review,"needs serving size, packaging, price, and safety approval"
raw_ingredient_inventory,5010,Vitamin B15: TMG (Trimethylglycine) (Beta vulgaris),452,,,,,,raw_material_review,manual_review,"needs serving size, packaging, price, and safety approval"
raw_ingredient_inventory,5011,"Triphala (Emblica officinalis, Terminalia chebula & Terminalia belerica)",220,,,,,,raw_material_review,manual_review,"needs serving size, packaging, price, and safety approval"
raw_ingredient_inventory,5012,Vinpocetine 99% (Vinca minor),788.47,,,,,,raw_material_review,manual_review,"needs serving size, packaging, price, and safety approval"
raw_ingredient_inventory,5013,Vitamin B12: Methylcobalamin,4.0284,,,,,,raw_material_review,formula_only,tiny-dose active; route to containing formulations
raw_ingredient_inventory,5015,Vitamin B2: R5P (Riboflavin-5-Phosphate),469.4804,,,,,,raw_material_review,manual_review,"needs serving size, packaging, price, and safety approval"
raw_ingredient_inventory,5016,Vitamin B5: D-Calcium Pantothenate,520,,,,,,raw_material_review,manual_review,"needs serving size, packaging, price, and safety approval"
raw_ingredient_inventory,5017,Vitamin B6: P5P (Pyridoxal 5-Phosphate),26.76,,,,,,raw_material_review,manual_review,"needs serving size, packaging, price, and safety approval"
raw_ingredient_inventory,5020,Vitamin E Acetate (D-alpha tocopherol acetate),147,,,,,,raw_material_review,manual_review,"needs serving size, packaging, price, and safety approval"
raw_ingredient_inventory,5024,Gentian 4:1 (Gentiana lutea),378.4,,,,,,raw_material_review,manual_review,"needs serving size, packaging, price, and safety approval"
raw_ingredient_inventory,5026,Hyssop 4:1 (Hyssopus spp.) (folia),1000,,,,,,raw_material_review,manual_review,"needs serving size, packaging, price, and safety approval"
raw_ingredient_inventory,5028,Mistletoe 4:1 (Viscum album),2012,,,,,,raw_material_review,manual_review,"needs serving size, packaging, price, and safety approval"
raw_ingredient_inventory,5031,Cilantro (Coriandrum sativum) (succus),34,,,,,,raw_material_review,manual_review,"needs serving size, packaging, price, and safety approval"
raw_ingredient_inventory,5038,DiMagnesium Malate (27% Mg),1324,,,,,,raw_material_review,manual_review,"needs serving size, packaging, price, and safety approval"
raw_ingredient_inventory,5041,"Serrapeptase 400,000 u/g (Serratiopeptidase) (Serratia marcescens)",2257.2,,,,,,raw_material_review,manual_review,"needs serving size, packaging, price, and safety approval"
raw_ingredient_inventory,5044,Coral Calcium (class Anthozoa),895,,,,,,raw_material_review,manual_review,"needs serving size, packaging, price, and safety approval"
raw_ingredient_inventory,5045,Sumac Bran 50:1 (Cotinus coggygria),1560,,,,,,raw_material_review,manual_review,"needs serving size, packaging, price, and safety approval"
raw_ingredient_inventory,5047,HMC 98% (Hesperidin Methyl Chalcone) (Citrus aurantium),782,,,,,,raw_material_review,manual_review,"needs serving size, packaging, price, and safety approval"
raw_ingredient_inventory,5049,"Lumbrokinase 20,000 IU/mg (Lumbricus rubellus)",1922,,,,,,raw_material_review,manual_review,"needs serving size, packaging, price, and safety approval"
raw_ingredient_inventory,5052,Vitamin B8: AMP (Adenosine Monophosphate),630,,,,,,raw_material_review,manual_review,"needs serving size, packaging, price, and safety approval"
raw_ingredient_inventory,5053,Vitamin B3: NADH (Reduced Nicotine Adenine Dinucleotide),22,,,,,,raw_material_review,manual_review,"needs serving size, packaging, price, and safety approval"
raw_ingredient_inventory,5054,Iodine 77% (as Potassium Iodide 99.98%),79.1822,,,,,,raw_material_review,manual_review,"needs serving size, packaging, price, and safety approval"
raw_ingredient_inventory,5055,Klamath Blue Green Algae (Aphanizomenon flos-aquae),450,,,,,,raw_material_review,manual_review,"needs serving size, packaging, price, and safety approval"
raw_ingredient_inventory,5057,GTF Chromium (Chromium Polynicotinate) (12.4% Cr),831.6822,,,,,,raw_material_review,manual_review,"needs serving size, packaging, price, and safety approval"
raw_ingredient_inventory,5060,Vitamin E Succinate (D-Alpha Tocopherol Succinate),710.74,,,,,,raw_material_review,manual_review,"needs serving size, packaging, price, and safety approval"
raw_ingredient_inventory,5064,Lactoferrin 99% (Capra hircus),188,,,,,,raw_material_review,manual_review,"needs serving size, packaging, price, and safety approval"
raw_ingredient_inventory,5068,*Rosavin 3% Salidroside 1% (Rhodiola rosea),350,,,,,,raw_material_review,manual_review,"needs serving size, packaging, price, and safety approval"
raw_ingredient_inventory,5074,Vitamin B12: Cobamamide (Adenosyl Cobalamin),54,,,,,,raw_material_review,formula_only,tiny-dose active; route to containing formulations
raw_ingredient_inventory,5075,Vitamin B17: Amygdalin 99% (Prunus amygdalus),4250,,,,,,raw_material_review,manual_review,"needs serving size, packaging, price, and safety approval"
raw_ingredient_inventory,5077,Vitamin C: L-Ascorbic Acid (natural),4335.37,,,,,,raw_material_review,manual_review,"needs serving size, packaging, price, and safety approval"
raw_ingredient_inventory,5088,Luteolin 98% (Sophora japonica),420,,,,,,raw_material_review,manual_review,"needs serving size, packaging, price, and safety approval"
raw_ingredient_inventory,5091,S-Acetyl GSH 99% (S-Acetyl L-Glutathione),1657.8,,,,,,raw_material_review,manual_review,"needs serving size, packaging, price, and safety approval"
raw_ingredient_inventory,5094,Fenugreek: Saponins 50% (Trigonella foenum-graecum),1620,,,,,,raw_material_review,manual_review,"needs serving size, packaging, price, and safety approval"
raw_ingredient_inventory,5095,Zinc Monomethionine (21% Zn),462.08,,,,,,raw_material_review,manual_review,"needs serving size, packaging, price, and safety approval"
raw_ingredient_inventory,5099,Germanium Organic 99.9% (biscarboxyethyl germanium sesquioxide),500,,,,,,raw_material_review,manual_review,"needs serving size, packaging, price, and safety approval"
raw_ingredient_inventory,5100,Vitamin E 30% Mixed Tocopherols,1656.56,,,,,,raw_material_review,manual_review,"needs serving size, packaging, price, and safety approval"
raw_ingredient_inventory,5104,*Boswellic Acid 95% (Boswellia serrata),896.4,,,,,,raw_material_review,manual_review,"needs serving size, packaging, price, and safety approval"
raw_ingredient_inventory,5108,Inosine 99%,470,,,,,,raw_material_review,manual_review,"needs serving size, packaging, price, and safety approval"
raw_ingredient_inventory,5119,Vitamin B1: Benfotiamine 99%,474.4,,,,,,raw_material_review,manual_review,"needs serving size, packaging, price, and safety approval"
raw_ingredient_inventory,5121,Magnesium Taurate (Mg Tau) (8.9% Mg),3315.52,,,,,,raw_material_review,manual_review,"needs serving size, packaging, price, and safety approval"
raw_ingredient_inventory,5124,Progesterone 99%,1000,,,,,,raw_material_review,exclude,restricted/high-risk raw material
raw_ingredient_inventory,5125,Melatonin 99%,306.1,,,,,,raw_material_review,formula_only,tiny-dose active; route to containing formulations
raw_ingredient_inventory,5128,Naringen 98%,812,,,,,,raw_material_review,manual_review,"needs serving size, packaging, price, and safety approval"
raw_ingredient_inventory,5129,AHCC 50% (Active Hexose Correlated Compound) (Lentinula edodes),948,,,,,,raw_material_review,manual_review,"needs serving size, packaging, price, and safety approval"
raw_ingredient_inventory,5131,SeMC/MSC (Methylselenocysteine) (41% Se),52.7103472,,,,,,raw_material_review,formula_only,tiny-dose active; route to containing formulations
raw_ingredient_inventory,5135,Parthenolides 0.8% (Tanacetum parthenium),914,,,,,,raw_material_review,manual_review,"needs serving size, packaging, price, and safety approval"
raw_ingredient_inventory,5141,*Phosphatidylserine 50%,376,,,,,,raw_material_review,manual_review,"needs serving size, packaging, price, and safety approval"
raw_ingredient_inventory,5143,Artemisinin 99% (Artemisia annua),1366.4,,,,,,raw_material_review,exclude,restricted/high-risk raw material
raw_ingredient_inventory,5150,Phaseolamin 5% (Phaseolus vulgaris),724,,,,,,raw_material_review,manual_review,"needs serving size, packaging, price, and safety approval"
raw_ingredient_inventory,5151,Gymnemic Acid 75% (Gymnema sylvestre),534,,,,,,raw_material_review,manual_review,"needs serving size, packaging, price, and safety approval"
raw_ingredient_inventory,5152,Lemon Balm 20:1 (Melissa officinalis),380,,,,,,raw_material_review,manual_review,"needs serving size, packaging, price, and safety approval"
raw_ingredient_inventory,5156,Baikal Skullcap Baicalein 98% (Scutellaria baicalensis),1654.96,,,,,,raw_material_review,manual_review,"needs serving size, packaging, price, and safety approval"
raw_ingredient_inventory,5159,Safranal 3% (Crocus sativa),648.8,,,,,,raw_material_review,manual_review,"needs serving size, packaging, price, and safety approval"
raw_ingredient_inventory,5160,GABA (Gamma-aminobutyric acid),516,,,,,,raw_material_review,manual_review,"needs serving size, packaging, price, and safety approval"
raw_ingredient_inventory,5161,CBD 99% (Cannabidiol) (Cannabis sativa),620.04,,,,,,raw_material_review,exclude,restricted/high-risk raw material
raw_ingredient_inventory,5163,Quercetin Dihydrate 98% (Sophorae japonica)*,856,,,,,,raw_material_review,manual_review,"needs serving size, packaging, price, and safety approval"
raw_ingredient_inventory,5164,L-Carnosine 99% EYE DROPS,1298.2,,,,,,raw_material_review,exclude,non-oral or production-use material
raw_ingredient_inventory,5165,Naringenin 98%,940,,,,,,raw_material_review,manual_review,"needs serving size, packaging, price, and safety approval"
raw_ingredient_inventory,5168,Lanosterol 60%,.1,,,,,,raw_material_review,manual_review,"needs serving size, packaging, price, and safety approval"
raw_ingredient_inventory,5180,Oat Straw 100:1 (Avena sativa),640,,,,,,raw_material_review,manual_review,"needs serving size, packaging, price, and safety approval"
raw_ingredient_inventory,5183,Coluracetam 99%,677.2,,,,,,raw_material_review,exclude,restricted/high-risk raw material
raw_ingredient_inventory,5185,Maqui Anthocyanidins 25% (Aristotelia chilensis),508,,,,,,raw_material_review,manual_review,"needs serving size, packaging, price, and safety approval"
raw_ingredient_inventory,5188,Vitamin B3: Picamilon 99% (Nicotinoyl GABA),898,,,,,,raw_material_review,manual_review,"needs serving size, packaging, price, and safety approval"
raw_ingredient_inventory,5196,Schisandrins 9% (Schisandra chinensis) (fructus),196,,,,,,raw_material_review,manual_review,"needs serving size, packaging, price, and safety approval"
raw_ingredient_inventory,5198,Ginsenosides 80% (Panax ginseng),63.24,,,,,,raw_material_review,manual_review,"needs serving size, packaging, price, and safety approval"
raw_ingredient_inventory,5199,Honokiol 98% (Magnolia grandiflora),262,,,,,,raw_material_review,manual_review,"needs serving size, packaging, price, and safety approval"
raw_ingredient_inventory,5203,Notoginsenosides 80% (Panax notoginseng),837.2,,,,,,raw_material_review,manual_review,"needs serving size, packaging, price, and safety approval"
raw_ingredient_inventory,5205,Poor Man’s Ginseng 20:1 (Codonopsis pilosula),434,,,,,,raw_material_review,manual_review,"needs serving size, packaging, price, and safety approval"
raw_ingredient_inventory,5207,Puerarin 98% (Pueraria mirifica),862,,,,,,raw_material_review,manual_review,"needs serving size, packaging, price, and safety approval"
raw_ingredient_inventory,5215,Cranesbill Geranium 20:1 (Geranium maculatum),862,,,,,,raw_material_review,manual_review,"needs serving size, packaging, price, and safety approval"
raw_ingredient_inventory,5217,Synephrine 99% (Citrus aurantium),978.8,,,,,,raw_material_review,manual_review,"needs serving size, packaging, price, and safety approval"
raw_ingredient_inventory,5233,Nuciferine 98% (Nelumbo nucifera),1000,,,,,,raw_material_review,manual_review,"needs serving size, packaging, price, and safety approval"
raw_ingredient_inventory,5238,French Lilac 20:1 (Galega officinalis),788,,,,,,raw_material_review,manual_review,"needs serving size, packaging, price, and safety approval"
raw_ingredient_inventory,5239,Humic Acid 99%,89.375,,,,,,raw_material_review,manual_review,"needs serving size, packaging, price, and safety approval"
raw_ingredient_inventory,5243,Trans-Resveratrol 98% (Polygonum cuspidatum),738.4,,,,,,raw_material_review,manual_review,"needs serving size, packaging, price, and safety approval"
raw_ingredient_inventory,5246,Vitamin C: L-Ascorbyl Palmitate 98%,1614.84,,,,,,raw_material_review,manual_review,"needs serving size, packaging, price, and safety approval"
raw_ingredient_inventory,5249,Iodine 10% (Laminaria digitata),43.6,,,,,,raw_material_review,manual_review,"needs serving size, packaging, price, and safety approval"
raw_ingredient_inventory,5251,Vitamin U (S-Methylmethionine),962,,,,,,raw_material_review,manual_review,"needs serving size, packaging, price, and safety approval"
raw_ingredient_inventory,5252,Vitamin B6: Pyridoxamine 99%,918.6,,,,,,raw_material_review,manual_review,"needs serving size, packaging, price, and safety approval"
raw_ingredient_inventory,5253,Zinc Carnosine 99% (23% Zn),467.76,,,,,,raw_material_review,manual_review,"needs serving size, packaging, price, and safety approval"
raw_ingredient_inventory,5256,Calcium D-Glucarate,1000,,,,,,raw_material_review,manual_review,"needs serving size, packaging, price, and safety approval"
raw_ingredient_inventory,5258,D-Mannose 99%,575,,,,,,raw_material_review,manual_review,"needs serving size, packaging, price, and safety approval"
raw_ingredient_inventory,5267,Hypericin 0.3% (Hypericum perfoliatum),954,,,,,,raw_material_review,manual_review,"needs serving size, packaging, price, and safety approval"
raw_ingredient_inventory,5272,Tocotrienols 98% (Oryza sativa),710,,,,,,raw_material_review,manual_review,"needs serving size, packaging, price, and safety approval"
raw_ingredient_inventory,5273,Methylene Blue (Methylthioninium Chloride),958,,,,,,raw_material_review,exclude,restricted/high-risk raw material
raw_ingredient_inventory,5304,Polyphenols 30% (Cinnamomum cassia),302.7,,,,,,raw_material_review,manual_review,"needs serving size, packaging, price, and safety approval"
raw_ingredient_inventory,5306,Mannitol,1000,,,,,,raw_material_review,manual_review,"needs serving size, packaging, price, and safety approval"
raw_ingredient_inventory,5313,"Vitamin D3: Cholecalciferol 500,000 IU/g (1.25%)",298.9192,,,,,,raw_material_review,formula_only,tiny-dose active; route to containing formulations
raw_ingredient_inventory,5316,"Yeast Enzyme Extract 400,000 U/g",1650,,,,,,raw_material_review,manual_review,"needs serving size, packaging, price, and safety approval"
raw_ingredient_inventory,5317,Phellodendron 20:1 (Phellodendron chinense),36.4,,,,,,raw_material_review,manual_review,"needs serving size, packaging, price, and safety approval"
raw_ingredient_inventory,5343,Pearl nano powder,1239,,,,,,raw_material_review,manual_review,"needs serving size, packaging, price, and safety approval"
raw_ingredient_inventory,5348,*Ursolic Acid 50% (Ocimum sanctum),554,,,,,,raw_material_review,manual_review,"needs serving size, packaging, price, and safety approval"
raw_ingredient_inventory,5355,Vitamin K2: MK-4 (Menaquinone) 98%,386.1,,,,,,raw_material_review,formula_only,tiny-dose active; route to containing formulations
raw_ingredient_inventory,5356,Reduced GSH (L-Glutathione) 98%,771,,,,,,raw_material_review,manual_review,"needs serving size, packaging, price, and safety approval"
raw_ingredient_inventory,5358,Nut Grass 20:1 (Cyperus rotundus),1000,,,,,,raw_material_review,manual_review,"needs serving size, packaging, price, and safety approval"
raw_ingredient_inventory,5367,Magnesium Orotate (6.4% Mg),824,,,,,,raw_material_review,manual_review,"needs serving size, packaging, price, and safety approval"
raw_ingredient_inventory,5374,Nisin PRESERVATIVE IN WET TOWELS,1000,,,,,,raw_material_review,exclude,non-oral or production-use material
raw_ingredient_inventory,5378,Corosolic Acid 20% (Lagerstroemia speciosa),930,,,,,,raw_material_review,manual_review,"needs serving size, packaging, price, and safety approval"
raw_ingredient_inventory,5379,Acetic Acid (Malus pumila) powder,452,,,,,,raw_material_review,manual_review,"needs serving size, packaging, price, and safety approval"
raw_ingredient_inventory,5380,Mu Tong 20:1 (Akebia caulis),926.08,,,,,,raw_material_review,manual_review,"needs serving size, packaging, price, and safety approval"
raw_ingredient_inventory,5381,Alkaloids 20% (Sceletium tortuosum),1000,,,,,,raw_material_review,manual_review,"needs serving size, packaging, price, and safety approval"
raw_ingredient_inventory,5382,Celery (Apium graveolens) (succus),574,,,,,,raw_material_review,manual_review,"needs serving size, packaging, price, and safety approval"
raw_ingredient_inventory,5384,Jackfruit (Artocarpus heterophyllus),448,,,,,,raw_material_review,manual_review,"needs serving size, packaging, price, and safety approval"
raw_ingredient_inventory,5385,Collard (Brassica oleracea) (folia),334.4,,,,,,raw_material_review,manual_review,"needs serving size, packaging, price, and safety approval"
raw_ingredient_inventory,5386,Calcium Bentonite,1200,,,,,,raw_material_review,exclude,non-oral or production-use material
raw_ingredient_inventory,5388,Celandine 10:1 (Chelidonium majus),1000,,,,,,raw_material_review,manual_review,"needs serving size, packaging, price, and safety approval"
raw_ingredient_inventory,5389,Ceylon Cinnamon (Cinnamomum verum),958,,,,,,raw_material_review,manual_review,"needs serving size, packaging, price, and safety approval"
raw_ingredient_inventory,5391,Pumpkin seed extract (Cucurbita pepo) (semen),345.04,,,,,,raw_material_review,manual_review,"needs serving size, packaging, price, and safety approval"
raw_ingredient_inventory,5392,Diatomaceous Earth,526,,,,,,raw_material_review,exclude,non-oral or production-use material
raw_ingredient_inventory,5393,L-Ergothioneine 98%,1000,,,,,,raw_material_review,manual_review,"needs serving size, packaging, price, and safety approval"
raw_ingredient_inventory,5396,Wu Bei Zi (Rhus chinensis) (galla),893,,,,,,raw_material_review,manual_review,"needs serving size, packaging, price, and safety approval"
raw_ingredient_inventory,5398,Glycine,200,,,,,,raw_material_review,manual_review,"needs serving size, packaging, price, and safety approval"
raw_ingredient_inventory,5399,Green Clay (Reduced Bentonite),680,,,,,,raw_material_review,exclude,non-oral or production-use material
raw_ingredient_inventory,5400,Hyssop 10:1 (Hyssopus officinalis),1000,,,,,,raw_material_review,manual_review,"needs serving size, packaging, price, and safety approval"
raw_ingredient_inventory,5401,Isoflavones 99% Genistein 50% (Glycine max),1044,,,,,,raw_material_review,manual_review,"needs serving size, packaging, price, and safety approval"
raw_ingredient_inventory,5402,L-Arginine L-Pyroglutamate,1000,,,,,,raw_material_review,manual_review,"needs serving size, packaging, price, and safety approval"
raw_ingredient_inventory,5403,L-Tryptophan,248,,,,,,raw_material_review,manual_review,"needs serving size, packaging, price, and safety approval"
raw_ingredient_inventory,5404,Lavender 10:1 (Lavendula officinalis),1000,,,,,,raw_material_review,manual_review,"needs serving size, packaging, price, and safety approval"
raw_ingredient_inventory,5405,Magnesium Carbonate (28.8% Mg),988,,,,,,raw_material_review,manual_review,"needs serving size, packaging, price, and safety approval"
raw_ingredient_inventory,5406,Alfalfa (Medicago sativa) (succus),298,,,,,,raw_material_review,manual_review,"needs serving size, packaging, price, and safety approval"
raw_ingredient_inventory,5407,Spikenard 10:1 (Nardostachys jatamansi),1000,,,,,,raw_material_review,manual_review,"needs serving size, packaging, price, and safety approval"
raw_ingredient_inventory,5408,Black Cumin (Nigella sativa),816,,,,,,raw_material_review,manual_review,"needs serving size, packaging, price, and safety approval"
raw_ingredient_inventory,5409,Parsely (Petroselinum crispum) (succus),1000,,,,,,raw_material_review,manual_review,"needs serving size, packaging, price, and safety approval"
raw_ingredient_inventory,5410,Phytosterols 12.5% (Pygeum africanum),959.96,,,,,,raw_material_review,manual_review,"needs serving size, packaging, price, and safety approval"
raw_ingredient_inventory,5412,Lamb's Tongue 20:1 (Plantago lanceolata) (folia),769.6,,,,,,raw_material_review,manual_review,"needs serving size, packaging, price, and safety approval"
raw_ingredient_inventory,5413,Potassium Citrate,706,,,potassium-citrate,Potassium Citrate,3997,live_catalog_record,verify_retail_configuration,catalog record exists; verify the exact material specification
raw_ingredient_inventory,5414,Potassium Sulfate (52% K),250,,,,,,raw_material_review,manual_review,"needs serving size, packaging, price, and safety approval"
raw_ingredient_inventory,5416,C15 (Pentadecanoic Acid),760,,,,,,raw_material_review,manual_review,"needs serving size, packaging, price, and safety approval"
raw_ingredient_inventory,5419,Pygeum 10:1 (Prunus africana) (cortex),468,,,,,,raw_material_review,manual_review,"needs serving size, packaging, price, and safety approval"
raw_ingredient_inventory,5420,*Rosmarinic Acid 50% (Salvia rosmarinus),1100,,,,,,raw_material_review,manual_review,"needs serving size, packaging, price, and safety approval"
raw_ingredient_inventory,5421,Ruscogenins (Ruscus aculeatus),986,,,,,,raw_material_review,manual_review,"needs serving size, packaging, price, and safety approval"
raw_ingredient_inventory,5422,Sea Salt (Flower of the Ocean),22,,,,,,raw_material_review,manual_review,"needs serving size, packaging, price, and safety approval"
raw_ingredient_inventory,5423,Saw Palmetto 10:1 (Serrenoa repens),2782,,,,,,raw_material_review,manual_review,"needs serving size, packaging, price, and safety approval"
raw_ingredient_inventory,5424,Shungite,892,,,,,,raw_material_review,exclude,non-oral or production-use material
raw_ingredient_inventory,5425,Sodium Chlorite 80% (19.4% Na),1448,,,,,,raw_material_review,exclude,restricted/high-risk raw material
raw_ingredient_inventory,5427,Vanadium Amino Acid Chelate 0.2%,680,,,,,,raw_material_review,manual_review,"needs serving size, packaging, price, and safety approval"
raw_ingredient_inventory,5430,Vitamin B12 Blend: Adenosyl & Methyl Cobalamin,44.97668,,,,,,raw_material_review,formula_only,tiny-dose active; route to containing formulations
raw_ingredient_inventory,5431,Vitamin B8: IP6 (Inositol-hexaphosphate),426,,,,,,raw_material_review,manual_review,"needs serving size, packaging, price, and safety approval"
raw_ingredient_inventory,5432,Vitexin 2% (Crataegus oxyacantha),1046,,,,,,raw_material_review,manual_review,"needs serving size, packaging, price, and safety approval"
raw_ingredient_inventory,5433,Xanthan Gum (Xanthomonas campestris),748,,,,,,raw_material_review,exclude,non-oral or production-use material
raw_ingredient_inventory,5434,Vitamin B13: PC 99% (Phosphatidylcholine) (Glycine max),880,,,,,,raw_material_review,manual_review,"needs serving size, packaging, price, and safety approval"
raw_ingredient_inventory,5435,Marshmallow 4:1 (Althaea officinalis) (radix),718,,,,,,raw_material_review,manual_review,"needs serving size, packaging, price, and safety approval"
raw_ingredient_inventory,5436,Aniracitam,100,,,,,,raw_material_review,manual_review,"needs serving size, packaging, price, and safety approval"
raw_ingredient_inventory,5438,Glycyrrhizic Acids 26% (Glycyrrhiza glabra),262,,,,,,raw_material_review,manual_review,"needs serving size, packaging, price, and safety approval"
raw_ingredient_inventory,5439,*Isoflavones 8% (Trifolium praetense),970,,,,,,raw_material_review,manual_review,"needs serving size, packaging, price, and safety approval"
raw_ingredient_inventory,5440,Mulberry Extract (Morus spp.),550,,,,,,raw_material_review,manual_review,"needs serving size, packaging, price, and safety approval"
raw_ingredient_inventory,5442,Polyphenols 20% (Cinnamomum verum),2000,,,,,,raw_material_review,manual_review,"needs serving size, packaging, price, and safety approval"
raw_ingredient_inventory,5443,"Protease Acid 600,000 u/g (Aspergillus niger)",1000,,,,,,raw_material_review,manual_review,"needs serving size, packaging, price, and safety approval"
raw_ingredient_inventory,5444,*Salvianolic Acid B 20% (Salvia miltiorrhiza),912.8,,,,,,raw_material_review,manual_review,"needs serving size, packaging, price, and safety approval"
raw_ingredient_inventory,5446,Sodium Benzoate,200,,,,,,raw_material_review,exclude,non-oral or production-use material
raw_ingredient_inventory,5447,Sodium Tripolyphosphate (41.9% Na),454,,,,,,raw_material_review,exclude,non-oral or production-use material
raw_ingredient_inventory,5448,Tart Cherry (Prunus cerasus),1000,,,,,,raw_material_review,manual_review,"needs serving size, packaging, price, and safety approval"
raw_ingredient_inventory,5449,Dandelion 20:1 (Taraxacum officinalis) (radix),814,,,,,,raw_material_review,manual_review,"needs serving size, packaging, price, and safety approval"
raw_ingredient_inventory,5450,Trehalose,840,,,,,,raw_material_review,manual_review,"needs serving size, packaging, price, and safety approval"
raw_ingredient_inventory,5451,Wheatgrass (Triticum aestivum) (succus),1400,,,,,,raw_material_review,manual_review,"needs serving size, packaging, price, and safety approval"
raw_ingredient_inventory,5452,*Water Plantain 20:1 (Alisma orientalis),540,,,,,,raw_material_review,manual_review,"needs serving size, packaging, price, and safety approval"
raw_ingredient_inventory,5454,Raw Organic Meal,1038,,,,,,raw_material_review,manual_review,"needs serving size, packaging, price, and safety approval"
raw_ingredient_inventory,5472,Oyster Mushroom Chitosan Oligosaccharide (Pleurotus ostreatus) 98% deacetylated,50,,,,,,raw_material_review,manual_review,"needs serving size, packaging, price, and safety approval"
raw_ingredient_inventory,5474,Portobello Chitosan Oligosaccharide (Agaricus bisporus) 98% deacetylated,1964,,,,,,raw_material_review,manual_review,"needs serving size, packaging, price, and safety approval"
raw_ingredient_inventory,5483,ATP (Adenosine Triphosphate),120,,,,,,raw_material_review,manual_review,"needs serving size, packaging, price, and safety approval"
raw_ingredient_inventory,5484,Rehmannia 100:1 (Rehmannia glutinosa),1000,,,,,,raw_material_review,manual_review,"needs serving size, packaging, price, and safety approval"
raw_ingredient_inventory,5486,Polysaccharides 80% (Morinda citrifolia),1000,,,,,,raw_material_review,manual_review,"needs serving size, packaging, price, and safety approval"
raw_ingredient_inventory,5488,Noni 200:1 (Morinda citrifolia),808,,,,,,raw_material_review,manual_review,"needs serving size, packaging, price, and safety approval"
raw_ingredient_inventory,5511,Blueberry Juice (Vaccinium cyanococcus),1000,,,,,,raw_material_review,manual_review,"needs serving size, packaging, price, and safety approval"
raw_ingredient_inventory,5514,Lycopene 98% (Solanum lycopersicum),116,,,,,,raw_material_review,manual_review,"needs serving size, packaging, price, and safety approval"
raw_ingredient_inventory,5515,L-Glutamine,880,,,,,,raw_material_review,manual_review,"needs serving size, packaging, price, and safety approval"
raw_ingredient_inventory,5516,Monolaurin (Glycerol Monolaurate) 90%,500,,,,,,raw_material_review,manual_review,"needs serving size, packaging, price, and safety approval"
raw_ingredient_inventory,5517,EMIQ 98% (Enzymatical ly Modified Isoquercetrin) (Sophorae japonica),584.8,,,,,,raw_material_review,manual_review,"needs serving size, packaging, price, and safety approval"
raw_ingredient_inventory,5518,Bromelain 2400 GDU/g (Ananas comosus),908,,,,,,raw_material_review,manual_review,"needs serving size, packaging, price, and safety approval"
raw_ingredient_inventory,5520,Magnesium Bisglycinate (14% Mg),500,,,,,,raw_material_review,manual_review,"needs serving size, packaging, price, and safety approval"
raw_ingredient_inventory,5522,Salidrosides 3% (Rhodiola rosea)*,920.8,,,,,,raw_material_review,manual_review,"needs serving size, packaging, price, and safety approval"
raw_ingredient_inventory,5523,Salidrosides 98% (Rhodiola rosea),991.6,,,,,,raw_material_review,manual_review,"needs serving size, packaging, price, and safety approval"
raw_ingredient_inventory,5526,Pomegranate Punicalagins 70% (Punica granatum) (semen)*,1000,,,,,,raw_material_review,manual_review,"needs serving size, packaging, price, and safety approval"
raw_ingredient_inventory,5527,Golden Serpent Fern 30:1 (Polypodium leucotomos),996.4,,,,,,raw_material_review,manual_review,"needs serving size, packaging, price, and safety approval"
raw_ingredient_inventory,5530,Lychee Polyphenols 70% (Litchi chinensis),980.8,,,,,,raw_material_review,manual_review,"needs serving size, packaging, price, and safety approval"
raw_ingredient_inventory,5533,"Reishi Triterpenoids 10%, Polysaccharides 50% (Ganoderma lucidum)",960.4,,,,,,raw_material_review,manual_review,"needs serving size, packaging, price, and safety approval"
raw_ingredient_inventory,5534,Astaxanthin 96% (Haematococcus pluvialis),95.2,,,,,,raw_material_review,manual_review,"needs serving size, packaging, price, and safety approval"
raw_ingredient_inventory,5544,Yuzu Spray-Dried Fruit Juice (Citrus junos),997,,,,,,raw_material_review,manual_review,"needs serving size, packaging, price, and safety approval"
raw_ingredient_inventory,5545,Yuzu Peel 10:1 (Citrus junos),1000,,,,,,raw_material_review,manual_review,"needs serving size, packaging, price, and safety approval"
raw_ingredient_inventory,5552,Sodium Caprylate 99%,940,,,,,,raw_material_review,manual_review,"needs serving size, packaging, price, and safety approval"
raw_ingredient_inventory,5555,PHGG (Partially Hydrolyzed Guar Gum) (Cyamopsis tetragonoloba),4560,,,,,,raw_material_review,manual_review,"needs serving size, packaging, price, and safety approval"
raw_ingredient_inventory,5557,Carnosic Acid 98% (Salvia rosmarinus) (folia),1000,,,,,,raw_material_review,manual_review,"needs serving size, packaging, price, and safety approval"
raw_ingredient_inventory,5558,*Carnosic Acid 90% (Salvia rosmarinus),880,,,,,,raw_material_review,manual_review,"needs serving size, packaging, price, and safety approval"
raw_ingredient_inventory,5569,*Berberine HCl (Berberis aristata) (radix),964,,,,,,raw_material_review,manual_review,"needs serving size, packaging, price, and safety approval"
raw_ingredient_inventory,5576,DHB (Dihydroberberine) 99%    (Phellodendron chinense) (cortex),874,,,,,,raw_material_review,manual_review,"needs serving size, packaging, price, and safety approval"
raw_ingredient_inventory,5581,Andrographolide 98% (Andrographis paniculata),943.96,,,,,,raw_material_review,manual_review,"needs serving size, packaging, price, and safety approval"
raw_ingredient_inventory,5595,*Baikal Skullcap Baicalin 98% (Scutellaria baicalensis),250,,,,,,raw_material_review,manual_review,"needs serving size, packaging, price, and safety approval"
